name,rating_nums,summary,author,peple_nums
追风筝的人,8.9,为你，千千万万遍,[美] 卡勒德·胡赛尼 / 李继宏 / 上海人民出版社 / 2006-5 / 29.00元,"(
                    325034人评价
                )"
解忧杂货店,8.6,一碗精心熬制的东野牌鸡汤，拒绝很难,[日] 东野圭吾 / 李盈春 / 南海出版公司 / 2014-5 / 39.50元,"(
                    296341人评价
                )"
小王子,9.0,献给长成了大人的孩子们,[法] 圣埃克苏佩里 / 马振聘 / 人民文学出版社 / 2003-8 / 22.00元,"(
                    250546人评价
                )"
白夜行,9.1,暗夜独行的残破灵魂，爱与恶本就难分难舍,[日] 东野圭吾 / 刘姿君 / 南海出版公司 / 2008-9 / 29.80元,"(
                    219391人评价
                )"
围城,8.9,对于“人艰不拆”四个字最彻底的违抗,钱锺书 / 人民文学出版社 / 1991-2 / 19.00,"(
                    203919人评价
                )"
挪威的森林,8.0,村上之发轫，多少人的青春启蒙,[日] 村上春树 / 林少华 / 上海译文出版社 / 2001-2 / 18.80元,"(
                    198604人评价
                )"
三体,8.8,你我不过都是虫子,刘慈欣 / 重庆出版社 / 2008-1 / 23.00,"(
                    177241人评价
                )"
嫌疑人X的献身,8.9,数学好是一种极致的浪漫,[日] 东野圭吾 / 刘子倩 / 南海出版公司 / 2008-9 / 28.00,"(
                    171070人评价
                )"
活着,9.1,活着本身就是人生最大的意义,余华 / 南海出版公司 / 1998-5 / 12.00元,"(
                    152705人评价
                )"
红楼梦,9.6,谁解其中味？,[清] 曹雪芹 著 / 人民文学出版社 / 1996-12 / 59.70元,"(
                    134529人评价
                )"
百年孤独,9.2,尼采所谓的永劫复归，一场无始无终的梦魇,[哥伦比亚] 加西亚·马尔克斯 / 范晔 / 南海出版公司 / 2011-6 / 39.50元,"(
                    137882人评价
                )"
不能承受的生命之轻,8.5,朝向媚俗的一次伟大的进军,[捷克] 米兰·昆德拉 / 许钧 / 上海译文出版社 / 2003-7 / 23.00元,"(
                    142352人评价
                )"
看见,8.8,在这里看见中国,柴静 / 广西师范大学出版社 / 2013-1-1 / 39.80元,"(
                    135147人评价
                )"
达·芬奇密码,8.2,一切畅销的因素都有了,[美] 丹·布朗 / 朱振武 / 上海人民出版社 / 2004-2 / 28.00元,"(
                    133819人评价
                )"
平凡的世界（全三部）,9.0,中国当代城乡生活全景,路遥 / 人民文学出版社 / 2005-1 / 64.00元,"(
                    111649人评价
                )"
三体Ⅱ,9.3,无边的黑暗森林，比第一部更为恢弘壮丽,刘慈欣 / 重庆出版社 / 2008-5 / 32.00,"(
                    104557人评价
                )"
三体Ⅲ,9.2,终章，何去何从,刘慈欣 / 重庆出版社 / 2010-11 / 38.00元,"(
                    104390人评价
                )"
简爱（英文全本）,8.5,灰姑娘在十九世纪,[英] 夏洛蒂·勃朗特 / 世界图书出版公司 / 2003-11 / 18.00元,"(
                    113971人评价
                )"
哈利·波特与魔法石,9.0,羽加迪姆勒维奥萨！,[英] J. K. 罗琳 / 苏农 / 人民文学出版社 / 2000-9 / 19.50元,"(
                    92793人评价
                )"
天才在左 疯子在右,8.2,简称“疯癫与文明”,高铭 / 武汉大学出版社 / 2010-2 / 29.80元,"(
                    101506人评价
                )"
送你一颗子弹,8.6,犀利又温柔，穿过胸口隐隐作痛,刘瑜 / 上海三联书店 / 2010-1 / 25.00元,"(
                    94665人评价
                )"
傲慢与偏见,8.8,所有现代言情小说的母体,[英] 奥斯丁 / 张玲 / 人民文学出版社 / 1993-7 / 13.00元,"(
                    91469人评价
                )"
我们仨,8.7,平淡，坚忍，温情,杨绛 / 生活·读书·新知三联书店 / 2003-7 / 18.80元,"(
                    91851人评价
                )"
飘,9.3,革命时期的爱情，随风而逝,[美国] 玛格丽特·米切尔 / 李美华 / 译林出版社 / 2000-9 / 40.00元,"(
                    84766人评价
                )"
倾城之恋,8.5,一段姻缘，需要一座城的倾覆来成全,张爱玲 / 花城出版社 / 1997-3-1 / 11.00,"(
                    93496人评价
                )"
明朝那些事儿（壹）,8.7,历史本就是一件件“事儿”拼成的,当年明月 / 中国友谊出版公司 / 2006-9 / 24.80,"(
                    89142人评价
                )"
目送,8.7,不必追,龙应台 / 生活·读书·新知三联书店 / 2009-10 / 39.00元,"(
                    89213人评价
                )"
月亮和六便士,9.0,有多少人会经历顿悟，就有更少的人甘愿自我放逐,[英] 毛姆 / 傅惟慈 / 上海译文出版社 / 2006-8 / 15.00元,"(
                    82300人评价
                )"
情人,8.1,我已经老了，你呢？,[法] 玛格丽特·杜拉斯 / 王道乾 / 上海译文出版社 / 2005-7 / 20.00元,"(
                    91390人评价
                )"
哈利·波特与阿兹卡班的囚徒,8.9,小天狼星布莱克,[英] J. K. 罗琳 / 郑须弥 / 人民文学出版社 / 2000-9 / 26.50元,"(
                    77246人评价
                )"
恶意,8.4,无缘由的恨，冰冷彻骨,[日] 东野圭吾 / 娄美莲 / 南海出版公司 / 2009-6 / 18.00,"(
                    81532人评价
                )"
霍乱时期的爱情,9.0,义无反顾地直达爱情的核心,[哥伦比亚] 加西亚·马尔克斯 / 杨玲 / 南海出版公司 / 2012-9-1 / 39.50元,"(
                    76459人评价
                )"
狼图腾,8.3,我们都是 狼的传人？,姜戎 / 长江文艺出版社 / 2004-4 / 32.00元,"(
                    82681人评价
                )"
1Q84 BOOK 1,8.3,村上的野望，欢迎来到1Q84年,[日] 村上春树 / 施小炜 / 南海出版公司 / 2010-5 / 36.00元,"(
                    82283人评价
                )"
哈利·波特与火焰杯,9.0,整个系列的分水岭，暗色渐浓,[英] J. K. 罗琳 / 马爱新 / 人民文学出版社 / 2001-5 / 39.80元,"(
                    74844人评价
                )"
哈利·波特与密室,8.9,渐入佳境，魔法世界全貌初现,[英] J. K. 罗琳 / 马爱新 / 人民文学出版社 / 2000-9 / 22.00元,"(
                    74731人评价
                )"
边城,8.6,如水一般的忧愁与怅惘,沈从文 / 北岳文艺出版社 / 2002-4 / 12.00元,"(
                    77433人评价
                )"
穆斯林的葬礼,8.2,时代烙印鲜明的民族史诗,霍达 / 北京十月文艺出版社 / 1988-12-1 / 32.00,"(
                    77279人评价
                )"
莲花,8.0,三个生命的交逢，灵魅清冷,安妮宝贝 / 作家出版社 / 2006-3 / 25.00元,"(
                    79170人评价
                )"
许三观卖血记,8.7,余华的悲凉，都在那一碗炒猪肝里了,余华 / 南海出版公司 / 1998-9 / 16.80元,"(
                    70860人评价
                )"
万历十五年,8.9,见微知著，历史观的颠覆,[美] 黄仁宇 / 生活·读书·新知三联书店 / 1997-5 / 18.00元,"(
                    69029人评价
                )"
撒哈拉的故事,9.0,关于漂泊的一切,三毛 / 皇冠出版社 / 1976 / 160 TWD,"(
                    67759人评价
                )"
向左走·向右走,8.4,两条平行线相遇的可能,幾米 / 生活·读书·新知三联书店 / 2002-8 / 16.00元,"(
                    72958人评价
                )"
哈利·波特与混血王子,8.8,感情线纷乱的一部。再见邓布利多,[英] J. K. 罗琳 / 马爱农 / 人民文学出版社 / 2005-10 / 58.00元,"(
                    65548人评价
                )"
盗墓笔记,8.3,想象奇诡的大型RPG游戏,南派三叔 / 中国友谊出版公司 / 2007-1 / 26.80元,"(
                    67845人评价
                )"
黄金时代,8.8,能把性爱写得如此坦荡的，大概只有王二了,王小波 / 花城出版社 / 1999-3 / 19.00元,"(
                    64198人评价
                )"
苏菲的世界,8.5,最平易近人的哲学入门,（挪威）乔斯坦·贾德 / 萧宝森 / 作家出版社 / 1999-04 / 26.80元,"(
                    66458人评价
                )"
窗边的小豆豆,8.7,真正懂孩子的教育经,[日] 黑柳彻子 著 / 赵玉皎 / 南海出版公司 / 2003-1 / 20.00元,"(
                    63998人评价
                )"
天龙八部,9.1,“有情皆孽，无人不冤”,金庸 / 有1996年11月北平第4次印刷本 / 生活.读书.新知三联书店 / 1994-5 / 96.0,"(
                    59945人评价
                )"
三国演义（全二册）,9.2,是非成败转头空,[明] 罗贯中 / 人民文学出版社 / 1998-05 / 39.50元,"(
                    58535人评价
                )"
哈利·波特与凤凰社,8.7,暴脾气的哈利,[英] J. K. 罗琳 / 马爱农 / 人民文学出版社 / 2003-9 / 59.00元,"(
                    61959人评价
                )"
悟空传,8.4,猴子还是那个猴子，世界早已不是原来的世界,今何在 / 光明日报出版社 / 2001-4 / 14.80元,"(
                    64795人评价
                )"
牧羊少年奇幻之旅,8.6,你自己就是最大的宝藏,[巴西]保罗·柯艾略 / 丁文林 / 南海出版公司 / 2009-3-1 / 25.00元,"(
                    61583人评价
                )"
海边的卡夫卡,8.1,背负诅咒的少年，平行世界中的奥德赛,[日] 村上春树 / 林少华 / 上海译文出版社 / 2003-4 / 25.00元,"(
                    64948人评价
                )"
灿烂千阳,8.8,唯有希望与爱可以驱散阴霾,[美] 卡勒德·胡赛尼 / 李继宏 / 上海人民出版社 / 2007-9 / 28.00元,"(
                    58104人评价
                )"
呼啸山庄,8.4,近乎暴虐的爱与恨，中文译名后无来者,（英）勃朗特 / 张扬 / 人民文学出版社 / 1999-01-01 / 27.30元,"(
                    61112人评价
                )"
兄弟（上）,8.3,历史苦难中的个人灾变,余华 / 上海文艺出版社 / 2005-8 / 16.00元,"(
                    61026人评价
                )"
亲爱的安德烈,8.7,龙应台母子对话，两代人的思想碰撞,龙应台 / 人民文学出版社 / 2008-12 / 26.00,"(
                    58388人评价
                )"
少有人走的路,8.4,成熟的心智通向更完善的自我,[美] M·斯科特·派克 / 于海生 / 吉林文史出版社 / 2007-1 / 26.00元,"(
                    59751人评价
                )"
基督山伯爵,9.0,完美的复仇，金庸用法语写作应该就是这样,大仲马 / 周克希 / 上海译文出版社 / 1991-12-1 / 43.90元,"(
                    54687人评价
                )"
老人与海,8.3,正是悲壮赋予生活以意义,海明威 / 吴劳 / 上海译文出版社 / 1999-10 / 8.20元,"(
                    59581人评价
                )"
民主的细节,8.6,公民养成手册,刘瑜 / 上海三联书店 / 2009-6 / 25.00,"(
                    56341人评价
                )"
笑傲江湖（全四册）,9.0,武侠的壳，政治斗争的核,金庸 / 生活·读书·新知三联书店 / 1994-5 / 76.80元,"(
                    53276人评价
                )"
人类简史,9.1,跟着人类一同走过十万年,[以色列]尤瓦尔·赫拉利 / 林俊宏 / 中信出版社 / 2014-11-1 / CNY 68.00,"(
                    51668人评价
                )"
福尔摩斯探案全集（上中下）,9.2,侦探小说鼻祖,[英] 阿·柯南道尔 / 丁钟华 等 / 群众出版社 / 1981-8 / 53.00元/68.00元,"(
                    50763人评价
                )"
1984,9.3,栗树荫下，我出卖你，你出卖我,[英] 乔治·奥威尔 / 刘绍铭 / 北京十月文艺出版社 / 2010-4-1 / 28.00,"(
                    49876人评价
                )"
遇见未知的自己,8.1,都市灵修速成,张德芬 / 华夏出版社 / 2008-1 / 29.00,"(
                    56628人评价
                )"
无声告白,8.2,莉迪亚死了，可他们还不知道,[美] 伍绮诗 / 孙璐 / 江苏凤凰文艺出版社 / 2015-7 / 35.00元,"(
                    55557人评价
                )"
人间失格,8.3,令人无从怜悯的绝望,太宰治 / 许时嘉 / 吉林出版集团有限责任公司 / 2009年9月 / 16.00元,"(
                    54296人评价
                )"
情书,8.6,一场误会中的两段爱情，东方式的含蓄隐忍,[日] 岩井俊二 / 穆晓芳 / 天津人民出版社 / 2004-7 / 18.00元,"(
                    50965人评价
                )"
茶花女,8.2,妓女应当拥有爱情吗？,小仲马 / 王振孙 / 外国文学出版社 / 1997-3 / 9.00元,"(
                    53391人评价
                )"
神雕侠侣,8.8,至情至性，情大于武,金庸 / 有1996年11月北平第4次印本 / 生活·读书·新知三联书店 / 1994-5 / 76.80元,"(
                    48305人评价
                )"
一个陌生女人的来信,8.7,暗恋的极致,[奥] 斯台芬·茨威格 / 张玉书 / 上海译文出版社 / 2007-7 / 20.00元,"(
                    49248人评价
                )"
白鹿原,8.6,中国乡村史诗,陈忠实 / 人民文学出版社 / 1997-12 / 28.00元,"(
                    48573人评价
                )"
沉默的大多数,9.1,沉默是沉默者的通行证,王小波 / 中国青年出版社 / 1997-10 / 27.00元,"(
                    46407人评价
                )"
当我谈跑步时我谈些什么,8.1,村上同志告诉我们，身体是革命的本钱,[日] 村上春树 / 施小炜 / 南海出版公司 / 2009-1 / 25.00,"(
                    49564人评价
                )"
这些人，那些事,8.8,平淡叙述下的惊心动魄,吴念真 / 译林出版社 / 2011-9 / 28.00元,"(
                    45007人评价
                )"
东方快车谋杀案,9.0,谋杀诡计惊人，波洛的抉择耐人寻味,[英] 阿加莎·克里斯蒂 / 陈尧光 / 人民文学出版社 / 2006-5 / 18.00元,"(
                    43057人评价
                )"
这些都是你给我的爱,8.4,只言片语的温暖,文：安东尼 / 长江文艺出版社 / 2010-3 / 24.80元,"(
                    45465人评价
                )"
肖申克的救赎,9.1,希望让人自由，电影实在太有名,[美] 斯蒂芬·金 / 施寄青 / 人民文学出版社 / 2006-7 / 29.90元,"(
                    42075人评价
                )"
鲁滨逊漂流记,8.0,最早的荒野求生,[英] 笛福 / 马静 / 广西民族出版社 / 2002-1 / 9.20元,"(
                    47894人评价
                )"
喜宝,8.0,爱情才是终极的奢侈品,亦舒 / 新世界出版社 / 2007-2 / 22.00元,"(
                    46664人评价
                )"
巴黎圣母院,8.3,潜藏于残缺下的美与崇高,[法]雨果 / 陈敬容 / 人民文学出版社 / 1982-6 / 22.50元,"(
                    44819人评价
                )"
羊脂球,8.1,资产阶级的道貌岸然,（法）莫泊桑 / 柳鸣九 / 北京燕山出版社 / 2007-6 / 13.50元,"(
                    46152人评价
                )"
局外人,9.0,人生在世，永远也不该演戏作假,[法] 阿尔贝·加缪 / 柳鸣九 / 上海译文出版社 / 2010-9 / 22.00元,"(
                    40835人评价
                )"
陪安东尼度过漫长岁月,8.3,真正的片段式写作,安东尼 / 长江文艺出版社 / 2008-3 / 18.00,"(
                    43770人评价
                )"
呐喊,8.8,新文学的第一声呐喊,鲁迅 / 人民文学出版社 / 1973年3月 / 0.36元,"(
                    40195人评价
                )"
红玫瑰与白玫瑰,8.4,蚊子血还是饭黏子？,张爱玲 / 花城出版社 / 1996-06 / 12.80元,"(
                    42644人评价
                )"
巨人的陨落,8.9,五个家族，一场战争,[英] 肯·福莱特 / 于大卫 / 江苏凤凰文艺出版社 / 2016-5-1 / 129.80元,"(
                    38951人评价
                )"
爱你就像爱生命,8.8,王小波与李银河的两地书,王小波 / 上海锦绣文章出版社 / 2008-5 / 18.00元,"(
                    39905人评价
                )"
无人生还,8.9,童谣杀人案,[英] 阿加莎・克里斯蒂 / 祁阿红 / 人民文学出版社 / 2008-3 / 19.00,"(
                    39434人评价
                )"
华胥引（全二册）,8.4,现实不如梦中的圆满,唐七公子 / 现代出版社 / 2011-1 / 39.80元,"(
                    41500人评价
                )"
鬼吹灯之精绝古城,8.1,盗墓祖师名不虚传,天下霸唱 / 安徽文艺出版社 / 2006 / 25.0,"(
                    42152人评价
                )"
了不起的盖茨比,8.3,梦，就像黛西家的那一缕绿光,菲茨杰拉德 / 姚乃强 / 人民文学出版社 / 2004-06 / 12.00元,"(
                    41470人评价
                )"
乌合之众,8.3,群氓心理剖析,（法）勒庞 / 冯克利 / 中央编译出版社 / 2011-5-1 / 16.00元,"(
                    41841人评价
                )"
安徒生童话故事集,9.2,远不是童话那么简单,（丹麦）安徒生 / 叶君健 / 人民文学出版社 / 1997-08 / 25.00,"(
                    37075人评价
                )"
动物农场,9.2,太阳底下并无新事,[英] 乔治·奥威尔 / 荣如德 / 上海译文出版社 / 2007-3 / 10.00元,"(
                    36526人评价
                )"
半生缘,8.6,世钧，我们回不去了,张爱玲 / 北京十月文艺出版社 / 2006-12 / 28.00元,"(
                    39199人评价
                )"
地下铁,8.3,黑暗世界中的点滴亮光,幾米 / 辽宁教育出版社 / 2002-2 / 32.00元,"(
                    40195人评价
                )"
射雕英雄传（全四册）,8.9,侠之大者，为国为民,金庸 / 生活·读书·新知三联书店 / 1999-04 / 47.00元,"(
                    34696人评价
                )"
月亮忘記了,8.6,月明星稀的晚上，看不见的，看见了,幾米 / 格林 / 2000-2-1 / NT$ 299,"(
                    36219人评价
                )"
此间的少年,8.4,象牙塔里的金庸群侠,江南 / 华文出版社 / 2004-1 / 25.00元,"(
                    36686人评价
                )"
骆驼祥子,8.3,如骆驼喘息般深刻的绝望,老舍 / 人民文学出版社 / 2000-3-1 / 12.00,"(
                    37225人评价
                )"
孤独六讲,8.1,作为一种美学的孤独,蒋勋 / 广西师范大学出版社 / 2009-10-1 / 36.00元,"(
                    37894人评价
                )"
如何阅读一本书,8.4,读书的方法论,[美] 莫提默·J. 艾德勒 / 郝明义 / 商务印书馆 / 2004-1 / 38.00元,"(
                    35921人评价
                )"
一個人住第5年,8.4,独居生活之乐,高木直子 / 洪俞君 / 大田 / 2004-12-1 / NT$220,"(
                    35529人评价
                )"
步步惊心,8.1,现世太苦，不如穿越回去从头来过,桐华 / 民族出版社 / 2006-6 / 25.00元,"(
                    36170人评价
                )"
常识,8.1,献给这个常识稀缺的时代,梁文道 / 广西师范大学出版社 / 2009-1 / 38.00,"(
                    36385人评价
                )"
时间旅行者的妻子,8.1,在时间的缝隙中穿行，然后相遇,[美] 奥德丽·尼芬格 / 夏金 / 人民文学出版社 / 2007-4 / 29.90元,"(
                    36071人评价
                )"
寻路中国,9.0,中国在路上，非虚构写作所能达到的高度,[美] 彼得·海斯勒 / 李雪顺 / 上海译文出版社 / 2011-1 / 33.00元,"(
                    32038人评价
                )"
荆棘鸟,8.6,澳洲乱世情,[澳] 考琳·麦卡洛 / 曾胡 / 译林出版社 / 1998-7 / 28.00元,"(
                    32993人评价
                )"
一个人的朝圣,8.1,关于爱和信念的旅行,【英】蕾秋·乔伊斯 / 黄妙瑜 / 北京联合出版公司 / 2013-9-1 / 32.80,"(
                    35443人评价
                )"
阿Q正传,8.7,哀其不幸，怒其不争,鲁迅 / 上海书店出版社 / 2003-7 / 14.50元,"(
                    32716人评价
                )"
哭泣的骆驼,8.9,沙漠中寻常的生与死,三毛 / 哈尔滨出版社 / 2003-6 / 15.80元,"(
                    31316人评价
                )"
刀锋,9.0,一把刀的锋刃不容易越过；因此智者说得救之道是困难的,[英]毛姆 / 周煦良 / 上海译文出版社 / 2007-3 / 18.00元,"(
                    30836人评价
                )"
孩子你慢慢来,8.8,我们现在怎样做母亲,龙应台 / 生活·读书·新知三联书店 / 2009-12-1 / 28.00元,"(
                    31421人评价
                )"
失恋33天,8.1,失恋是一种病，痊愈之后百毒不侵,鲍鲸鲸 / 中信出版社 / 2010-1 / 25.00元,"(
                    34402人评价
                )"
一只特立独行的猪,8.8,生活就是个缓慢受锤的过程，至少还可以特立独行,王小波 / 北方文艺出版社 / 2006-4 / 18.80元,"(
                    31184人评价
                )"
你好，旧时光（上 下）,8.8,原作名切题,八月长安 / 新世界出版社 / 2009-12 / 39.80元,"(
                    30373人评价
                )"
格林童话全集,8.9,许多隐晦,格林兄弟 / 魏以新 / 人民文学出版社 / 1994-11 / 21.45元,"(
                    29973人评价
                )"
尘埃落定,8.4,一个傻子的土司家族传奇,阿来 / 人民文学出版社 / 1998-3-1 / 22.0,"(
                    31972人评价
                )"
麦琪的礼物,8.6,日常的奇迹,[美] 欧·亨利 / 张经浩 / 上海社会科学院出版社 / 2003-7 / 25.00元,"(
                    31136人评价
                )"
梦里花落知多少,8.9,哀而不伤,三毛 / 北京十月文艺出版社 / 2007-6 / 28.00元,"(
                    30102人评价
                )"
那些回不去的年少时光,8.5,所有你曾热爱却正在遗忘的人和事,桐华 / 江苏文艺出版社 / 2010-01 / 23.80元,"(
                    30546人评价
                )"
金锁记,8.5,曹七巧就像希克厉，一个扭曲的英雄,张爱玲 / 哈尔滨出版社 / 2005-6 / 13.5元,"(
                    31139人评价
                )"
历史深处的忧虑,9.0,窥见美国社会的一扇窗,林达 / 生活·读书·新知三联书店 / 1997-5 / 19.00元,"(
                    29016人评价
                )"
海贼王,9.5,热血，梦想，希望,尾田荣一郎 / 董科 / 浙江人民美术出版社 / 2007-11 / 7.50元,"(
                    27113人评价
                )"
大地之灯,8.2,两代人的成长与救赎,七堇年 / 长江文艺出版社 / 2007-1 / 22.00元,"(
                    31363人评价
                )"
鹿鼎记（全五册）,8.8,武侠的解构，流氓的狂欢,金庸 / 广州出版社 花城出版社 / 2008-3 / 108.00元,"(
                    28949人评价
                )"
悲惨世界（上中下）,8.9,现实主义与浪漫主义的至高杰作,[法] 雨果 / 李丹 / 人民文学出版社 / 1992-6 / 66.00元,"(
                    28195人评价
                )"
史蒂夫·乔布斯传,8.7,完美主义者的最高形态,[美] 沃尔特·艾萨克森 / 管延圻 / 中信出版社 / 2011-10-24 / 68.00元,"(
                    28821人评价
                )"
东霓,8.1,自毁而偏执的东霓,笛安 / 长江文艺出版社 / 2010-7-1 / 26.80元,"(
                    30956人评价
                )"
球状闪电,8.7,量子之外，没有真相,刘慈欣 / 四川科学技术出版社 / 2005-6 / 22.00元,"(
                    28814人评价
                )"
长恨歌,8.2,现代上海史诗,王安忆 / 南海出版公司 / 2003-8 / 22.00元,"(
                    30640人评价
                )"
菊与刀,8.2,复杂矛盾的日本民族,（美）鲁思・本尼迪克特 / 吕万和 / 商务印书馆 / 1990-6 / 16.00,"(
                    30769人评价
                )"
城南旧事,8.9,长亭外，古道边，芳草碧连天,林海音 文 / 中国青年出版社 / 2003-7 / 16.00元,"(
                    27766人评价
                )"
我不喜欢这世界，我只喜欢你,8.0,一想到能和你共度余生，我就对余生充满期待,乔一 / 湖南少年儿童出版社 / 2015-5-1 / 29.80元,"(
                    28634人评价
                )"
看不见的城市,8.8,每一座城市都只在想象中耸立，又在描述中坍圮,[意大利]伊塔洛·卡尔维诺 / 张宓 / 译林出版社 / 2006-8 / 16.00元,"(
                    27604人评价
                )"
香水,8.5,恋味癖谋杀案,[德] 帕·聚斯金德 / 李清华 / 上海译文出版社 / 2005-5 / 20.00元,"(
                    28431人评价
                )"
你一定爱读的极简欧洲史,8.3,欧洲，为什么老是抢第一？,约翰·赫斯特（John Hirst） / 席玉苹 / 广西师范大学出版社 / 2011-11-25 / 25.00元,"(
                    29688人评价
                )"
橙,8.2,定做一个刻着“不过如此”的章，盖在封面上,安东尼 / 长江文艺出版社 / 2010-10 / 28.80元,"(
                    28875人评价
                )"
一九八四·动物农场,9.3,一个预言和一个寓言，令人窒息的政治恐怖,[英] 乔治·奥威尔 / 董乐山 / 上海译文出版社 / 2003-4 / 23.00元,"(
                    25604人评价
                )"
飞鸟集,8.8,淡泊，超脱,[印] 罗宾德拉纳德·泰戈尔 / 徐翰林 / 哈尔滨出版社 / 2004-6 / 16.80元,"(
                    26783人评价
                )"
往事并不如烟,8.6,知识分子的命运浮沉,章诒和 / 人民文学出版社 / 2004-1 / 35.00元,"(
                    27075人评价
                )"
匆匆那年（上下）,8.3,不悔梦归处 只恨太匆匆,九夜茴 / 东方出版社 / 2008-1 / 29.00,"(
                    28075人评价
                )"
把时间当作朋友,8.5,反成功学的成功学,李笑来 / 电子工业出版社 / 2009-6 / 32.00元,"(
                    27279人评价
                )"
查令十字街84号,8.3,文艺青年的爱情地标,[美] 海莲·汉芙 / 陈建铭 / 译林出版社 / 2005-05-01 / 18.00元,"(
                    27984人评价
                )"
世界尽头与冷酷仙境,8.6,交叉平行蒙太奇,[日] 村上春树 / 林少华 / 上海译文出版社 / 2002-12 / 23.00元,"(
                    26964人评价
                )"
江城,9.0,外国人的寻路中国,[美] 彼得·海斯勒 / 李雪顺 / 上海译文出版社 / 2012-1 / 36.00元,"(
                    25377人评价
                )"
伊豆的舞女,8.2,静美又残酷，无限柔软的川端,[日] 川端康成 / 叶渭渠 / 广西师范大学出版社 / 2002-2 / 23.80元,"(
                    28335人评价
                )"
影响力,8.6,营销防骗指南,[美] 罗伯特·西奥迪尼 / 陈叙 / 中国人民大学出版社 / 2006-5 / 45.00元,"(
                    26404人评价
                )"
冰与火之歌（卷一）,9.3,凛冬将至。无比宏大的世界观,[美] 乔治·R. R. 马丁 / 谭光磊 / 重庆出版社 / 2005-5 / 68.00元,"(
                    24145人评价
                )"
倚天屠龙记(共四册),8.5,不识张郎是张郎,金庸 / 三联书店 / 1999-04 / 0,"(
                    26564人评价
                )"
中国历代政治得失,9.1,一部简明的“中国政治制度史”,钱穆 / 生活·读书·新知三联书店 / 2001 / 12.00元,"(
                    24609人评价
                )"
富爸爸，穷爸爸,8.2,人穷穷观念，人富钱生钱,（美）罗伯特・T・清崎 / 杨君，杨明 / 世界图书出版公司 / 2000-09 / 18.80,"(
                    27183人评价
                )"
七夜雪,8.4,抵不过时间,沧月 / 北京十月文艺出版社 / 2006-10 / 25.00元,"(
                    26347人评价
                )"
那些年，我们一起追的女孩,8.2,那些年错过的大雨,九把刀 / 花山文艺出版社 / 2007-1 / 20.00元,"(
                    27085人评价
                )"
ZOO,8.6,噩梦中的一丝温度,[日] 乙一 / 李颖秋 / 当代世界出版社 / 2007-10 / 20.00元,"(
                    25664人评价
                )"
阿狸·梦之城堡,9.0,治愈,hans / 上海锦绣文章出版社 / 2009-1 / 36.80元,"(
                    24244人评价
                )"
红与黑,8.2,阴谋与爱情,司汤达 / 郭宏安 / 译林出版社 / 1993-7-1 / 20.00,"(
                    26937人评价
                )"
天使与魔鬼,8.2,科学与宗教的大乱斗,[美] 丹.布朗 / 朱振武 / 人民文学出版社 / 2005-2 / 29.80元,"(
                    26633人评价
                )"
时间简史,8.8,霍金与上帝的战争,[英] 史蒂芬·霍金 / 许明贤 / 湖南科学技术出版社 / 2010-4 / 45.00元,"(
                    24315人评价
                )"
最初的爱情 最后的仪式,8.0,别被封面骗了,[英] 伊恩·麦克尤恩 / 潘帕 / 南京大学出版社 / 2010-2 / 22.00元,"(
                    27017人评价
                )"
朝花夕拾,8.6,鲁迅的旧事重提,鲁迅 / 人民文学出版社 / 1972年4月 / 0.25元,"(
                    24584人评价
                )"
房思琪的初恋乐园,9.2,以血书写的文学,林奕含 / 北京联合出版公司 / 2018-1 / 45.00元,"(
                    23358人评价
                )"
水浒传（全二册）,8.5,风风火火闯九州,[明] 施耐庵 / 人民文学出版社 / 1997-1 / 50.60元,"(
                    24514人评价
                )"
佛祖在一号线,8.2,嬉笑怒骂的常识分子,李海鹏 / 文化艺术出版社 / 2010-6 / 25.00元,"(
                    25666人评价
                )"
国境以南 太阳以西,8.3,灾星下出生的恋人们,[日] 村上春树 / 林少华 / 上海译文出版社 / 2001-8 / 13.50元,"(
                    25387人评价
                )"
陆犯焉识,8.8,翻手为苍凉，覆手为繁华,严歌苓 / 作家出版社 / 2011-10 / 35.00元,"(
                    23361人评价
                )"
生活在别处,8.4,此处的生活唯有残酷,[捷克] 米兰·昆德拉 / 袁筱一 / 上海译文出版社 / 2004-5 / 25.00元,"(
                    24834人评价
                )"
西游记（全二册）,8.8,取经之路就在脚下,吴承恩 / 黄肃秋 注释 / 人民文学出版社 / 2004-8 / 47.20元,"(
                    23047人评价
                )"
雷雨,8.5,人的心都靠不住，我并不是说人坏，我就是恨人性太弱，太容易变了,曹禺 / 人民文学出版社 / 1999-05 / 9.20,"(
                    23887人评价
                )"
心是孤独的猎手,8.5,镇上有两个哑巴，他们总是在一起。,[美] 卡森·麦卡勒斯 / 陈笑黎 / 上海三联书店 / 2005-8 / 25.00元,"(
                    23780人评价
                )"
最好的我们,8.8,耿耿余淮,八月长安 / 湖南文艺出版社 / 2013-8-5 / 55,"(
                    22234人评价
                )"
瓦尔登湖,8.4,另一种生活,[美] 梭罗 / 徐迟 / 上海译文出版社 / 2006-8 / 11.00元,"(
                    23949人评价
                )"
京华烟云,8.5,林语堂的《红楼梦》,林语堂 / 张振玉 / 陕西师范大学出版社 / 2005-7 / 43.00元,"(
                    23603人评价
                )"
设计中的设计,8.6,日常生活的无限可能性,[日] 原研哉 / 朱锷 / 山东人民出版社 / 2006-11 / 48.00元,"(
                    23127人评价
                )"
杀死一只知更鸟,9.2,有一种东西不能遵循从众原则，那就是——人的良心,[美] 哈珀·李 / 高红梅 / 译林出版社 / 2012-9 / 32.00元,"(
                    21333人评价
                )"
我执,8.0,梁文道的私密日记,梁文道 / 广西师范大学出版社 / 2010-10 / 35.00元,"(
                    24956人评价
                )"
自控力,8.3,要么瘦，要么死,[美]  凯利·麦格尼格尔 / 王岑卉 / 文化发展出版社(原印刷工业出版社) / 2012-8 / 39.80元,"(
                    23910人评价
                )"
偷书贼,8.0,不能说偷，是窃，窃你懂吗,[澳] 马克斯·苏萨克 / 孙张静 / 南海出版公司 / 2007-8 / 25.00元,"(
                    24611人评价
                )"
夏洛的网,8.5,猪与蜘蛛,[美] E.B.怀特 / 任溶溶 / 上海译文出版社 / 2004-5 / 17.00元,"(
                    22673人评价
                )"
变形记,8.4,格里高里清早醒来发现自己变成了甲虫,[奥] 卡夫卡 / 叶廷芳 / 浙江文艺出版社 / 2003-4 / 16.00元,"(
                    23223人评价
                )"
没有色彩的多崎作和他的巡礼之年,8.2,并不是一切都消失在了时间的长河里,[日] 村上春树 / 施小炜 / 南海出版公司 / 2013-10-1 / 39.50元,"(
                    23396人评价
                )"
狂人日记,8.6,中国现代文学史上第一篇真正的现代白话小说,鲁迅 / 京华出版社 / 2006-3 / 39.80元,"(
                    22208人评价
                )"
激荡三十年（上）,8.8,这是一个最好的时代，也是一个最坏的时代,吴晓波 / 中信出版社 浙江人民出版社 / 2007-1 / 35.00,"(
                    21536人评价
                )"
海底两万里,8.4,你听说过鹦鹉螺号吗？,[法国] 儒尔·凡尔纳 / 沈国华 / 译林出版社 / 2002-9 / 19.50元,"(
                    22415人评价
                )"
文学回忆录（全2册）,9.2,木心留给世界的礼物,木心 口述 / 广西师范大学出版社 / 2013-1-10 / 98.00元,"(
                    20202人评价
                )"
人性的弱点全集,8.3,西方世界最持久的人文畅销书,[美] 戴尔·卡耐基 / 袁玲 / 中国发展出版社 / 2008-1 / 25.00元,"(
                    22188人评价
                )"
九州·缥缈录,8.8,乱世的英雄史诗,江南 / 新世界出版社 / 2005-6 / 20.00元,"(
                    20603人评价
                )"
一句顶一万句,8.7,一句胜过千年,刘震云 / 长江文艺出版社 / 2009-3 / 29.80,"(
                    21026人评价
                )"
尼罗河上的惨案,8.7,阿婆代表作之一,[英] 阿加莎·克里斯蒂 / 宫英海 / 人民文学出版社 / 2006-5 / 22.00元,"(
                    20857人评价
                )"
呼兰河传,8.9,萧红的童年往事,萧红 / 百花文艺出版社 / 2005-01 / 19.00,"(
                    19979人评价
                )"
我的精神家园,9.1,活过，爱过，写过,王小波 / 文化艺术出版社 / 1997 / 18.80元,"(
                    19319人评价
                )"
占星术杀人魔法,8.3,一桩占星术连续杀人案件,[日] 岛田庄司 / 王鹏帆 / 新星出版社 / 2008-9 / 28.00,"(
                    20861人评价
                )"
浪潮之巅,9.1,了解IT领域的入门读物,吴军 / 电子工业出版社 / 2011-8 / 55.00元,"(
                    19104人评价
                )"
舞！舞！舞！,8.3,深入村上春树的心灵腹地,[日] 村上春树 / 林少华 / 上海译文出版社 / 2002-6 / 25.00元,"(
                    21117人评价
                )"
人生,8.4,如果你是高加林，你要如何选择？,路遥 / 北京十月文艺出版社 / 2009-5 / 20.00元,"(
                    20575人评价
                )"
我与地坛,9.0,这是你的罪孽与福祉,史铁生 / 春风文艺出版社 / 2002-5 / 25.00元,"(
                    19170人评价
                )"
你今天真好看,8.7,呆萌可爱的动物段子手,[美]莉兹•克里莫 / 周高逸 / 雅众文化/天津人民出版社 / 2015-8 / 39.00元,"(
                    19982人评价
                )"
野火集,8.8,中国人你为什么不生气？,龙应台 / 文汇出版社 / 2005-8 / 25.00元,"(
                    19684人评价
                )"
妻妾成群,8.2,,苏童 / 上海文艺出版社 / 2004-8 / 23.00元,"(
                    21235人评价
                )"
高效能人士的七个习惯（精华版）,8.2,,[美] 史蒂芬·柯维 / 高新勇 / 中国青年出版社 / 2011-6 / 29.00元,"(
                    20613人评价
                )"
浮生六记,8.9,,（清）沈复 / 人民文学出版社 / 1999/1 / 5.70元,"(
                    19001人评价
                )"
海子的诗,8.9,,海子 / 人民文学出版社 / 1999-04 / 15.40,"(
                    18345人评价
                )"
项链,8.3,,[法] 莫泊桑 / 顾加琛 等 / 河北教育出版社 / 2005-2 / 28.00元,"(
                    19684人评价
                )"
教父,9.0,,[美]马里奥·普佐 / 周汉林 / 译林出版社 / 1997-8 / 23.30元,"(
                    17923人评价
                )"
带一本书去巴黎,8.5,,林达 / 生活·读书·新知三联书店 / 2002-5 / 35.00元,"(
                    18766人评价
                )"
娱乐至死,8.6,,[美] 尼尔·波兹曼 / 章艳 / 广西师范大学出版社 / 2011-6 / 29.80元,"(
                    18780人评价
                )"
寻羊冒险记,8.1,,[日] 村上春树 / 林少华 / 上海译文出版社 / 2001-8 / 18.80元,"(
                    19785人评价
                )"
观念的水位,8.3,,刘瑜 / 浙江大学出版社 / 2013-1 / 36.00元,"(
                    19301人评价
                )"
中国大历史,8.3,,黄仁宇 / 生活·读书·新知三联书店 / 2007-2 / 19.00元,"(
                    19451人评价
                )"
子不语1,9.0,,夏达 / 新世纪出版社 / 2009-12 / RMB36.00,"(
                    17366人评价
                )"
罗杰疑案,8.9,,[英] 阿加莎·克里斯蒂 / 张江云 / 人民文学出版社 / 2006-5 / 21.00元,"(
                    17739人评价
                )"
巨流河,8.7,,齐邦媛 / 生活·读书·新知三联书店 / 2010-10 / 39.00元,"(
                    18254人评价
                )"
动物凶猛,8.3,,王朔 / 中国电影出版社 / 2004-2 / 15.5,"(
                    19324人评价
                )"
父与子全集,9.1,,[德] 埃·奥·卜劳恩 绘 / 杨莹 / 中国工人出版社 / 2003-4 / 20.00元,"(
                    17012人评价
                )"
小姨多鹤,8.6,,严歌苓 / 作家出版社 / 2008-4 / 28.00元,"(
                    18225人评价
                )"
退步集,8.1,,陈丹青 / 广西师范大学出版社 / 2005-1 / 38.00元,"(
                    19253人评价
                )"
第一炉香,8.4,,张爱玲 / 花城出版社 / 1997-3 / 11.5,"(
                    18681人评价
                )"
爱的艺术,8.8,,[美] 艾·弗洛姆 / 李健鸣 / 上海译文出版社 / 2008-4 / 15.00元,"(
                    17363人评价
                )"
斯通纳,8.8,,[美] 约翰·威廉斯 / 杨向荣 / 世纪文景/上海人民出版社 / 2016-1 / 39.00元,"(
                    17273人评价
                )"
云中歌1,8.1,,桐华 / 作家出版社 / 2007-9 / 24.80元,"(
                    18758人评价
                )"
芳华,8.1,,严歌苓 / 人民文学出版社 / 2017-4-1 / CNY 39.00,"(
                    18727人评价
                )"
来不及说我爱你,8.1,,匪我思存 / 新世界出版社 / 2006-9 / 20.00元,"(
                    18595人评价
                )"
人间词话,9.0,,王国维 / 上海古籍出版社 / 1998-12-01 / 9.80元,"(
                    16732人评价
                )"
夹边沟记事,9.2,,杨显惠 / 花城出版社 / 2008-09 / 34.00元,"(
                    16142人评价
                )"
可爱的洪水猛兽,8.1,,韩寒 / 万卷出版公司 / 2009-08-01 / 25.00元,"(
                    18621人评价
                )"
相约星期二,8.4,,[美] 米奇·阿尔博姆 / 吴洪 / 上海译文出版社 / 2007-7 / 19.00元,"(
                    17636人评价
                )"
一千零一夜,8.6,,纳训 / 人民文学出版社 / 2003-01 / 22.0,"(
                    17270人评价
                )"
白银时代,8.4,,王小波 / 花城出版社 / 1997-5 / 10.00元,"(
                    17696人评价
                )"
未来简史,8.5,,[以色列] 尤瓦尔·赫拉利 / 林俊宏 / 中信出版社 / 2017-1 / 68,"(
                    17231人评价
                )"
告白,8.6,,湊佳苗 / 丁世佳 / 時報文化 / 2009年8月31日 / NT$250,"(
                    16673人评价
                )"
万水千山走遍,8.8,,三毛 / 哈尔滨出版社 / 2003-08 / 13.80,"(
                    16291人评价
                )"
台北人,8.9,,白先勇 / 广西师范大学出版社 / 2010-10 / 38.00元,"(
                    16095人评价
                )"
哈姆莱特,8.5,,[英] 莎士比亚 / 朱生豪 / 人民文学出版社 / 2001-1 / 7.00元,"(
                    17006人评价
                )"
后宫·甄嬛传Ⅰ,8.0,,流潋紫 / 花山文艺出版社 / 2007-2 / 22.00元,"(
                    17912人评价
                )"
阿麦从军：全新修订版,8.9,,鲜橙 / 作家出版社 / 2017-8-1 / 108.00元,"(
                    15098人评价
                )"
罗生门,8.7,,[日]芥川龙之介 / 林少华 / 上海译文出版社 / 2008-7 / 12.00元,"(
                    16541人评价
                )"
琅琊榜,8.6,,海宴 / 朝华出版社 / 2007-12 / 49.80元,"(
                    16222人评价
                )"
星空,9.0,,幾米 / 大塊文化 / 2009-5-1 / NT369,"(
                    15636人评价
                )"
朗读者,8.3,,[德] 本哈德·施林克 / 钱定平 / 译林出版社 / 2009-2 / 22.00,"(
                    17138人评价
                )"
雨季不再来,8.7,,三毛 / 北京十月文艺出版社 / 2007-7 / 28.00元,"(
                    16306人评价
                )"
面纱,8.7,,[英] W.萨默塞特·毛姆 / 阮景林 / 重庆出版社 / 2012-5 / 32.00元,"(
                    16224人评价
                )"
雾都孤儿,8.1,,[英]狄更斯 / 荣如德 / 上海译文出版社 / 1991-7 / 10.10元,"(
                    17506人评价
                )"
深夜食堂 01,9.1,,[日] 安倍夜郎 / 陈颖 / 湖南文艺出版社 / 2013-1 / 25.00元,"(
                    15268人评价
                )"
万物有灵且美,8.8,,[英] 吉米·哈利 / 种衍伦 / 中国城市出版社 / 2010-1 / 28.80,"(
                    15817人评价
                )"
枪炮、病菌与钢铁,8.8,,[美] 贾雷德·戴蒙德 / 谢延光 / 上海世纪出版集团 / 2006-4-1 / 45.00元,"(
                    15708人评价
                )"
红拂夜奔,8.6,,王小波 / 江苏文艺出版社 / 2005-1 / 28.00元,"(
                    16068人评价
                )"
上帝掷骰子吗,9.2,,曹天元 / 辽宁教育出版社 / 2006-1 / 32.00元,"(
                    14752人评价
                )"
